sku,product,variant,tier,machine,cost_material,cost_machine,cost_labor,cost_consumable,cost_packaging,house_price,selling_price,current_qty,goal_qty,made,packed_qty,production_minutes,restock_threshold,active,notes,unit_cost,margin_unit,margin_pct,to_make,goal_value,goal_profit
53,SEPARADOR M2,,Flagship – go deep,laser,12.00,3.00,20.00,1.00,4.00,60.00,75.00,32,0,,0,8,,yes,,40.00,35.00,46.7,0,0.00,
51,SEPARADOR S2,,Flagship – go deep,,0.00,0.00,0.00,0.00,0.00,40.00,50.00,16,0,,0,,,yes,,0.00,,,0,0.00,
52,SEPARADOR M1,,Flagship – go deep,,0.00,0.00,0.00,0.00,0.00,40.00,50.00,40,0,,0,,,yes,,0.00,,,0,0.00,
50,SEPARADOR S1,,Flagship – go deep,,0.00,0.00,0.00,0.00,0.00,20.00,25.00,22,0,,0,,,yes,,0.00,,,0,0.00,
61,POCIÓN 4,,Impulse – deep,,0.00,0.00,0.00,0.00,0.00,300.00,375.00,1,0,,0,,,yes,,0.00,,,0,0.00,
60,POCIÓN 3,,Impulse – deep,,0.00,0.00,0.00,0.00,0.00,250.00,313.00,12,0,,0,,,yes,,0.00,,,0,0.00,
59,POCIÓN 2,,Impulse – deep,,0.00,0.00,0.00,0.00,0.00,200.00,250.00,0,0,,0,,,yes,,0.00,,,0,0.00,
58,POCIÓN 1,,Impulse – deep,,0.00,0.00,0.00,0.00,0.00,150.00,188.00,0,0,,0,,,yes,,0.00,,,0,0.00,
31,MONEDERO,,Impulse – deep,,0.00,0.00,0.00,0.00,0.00,150.00,188.00,8,0,,0,,,yes,,0.00,,,0,0.00,
40,COLLAR,,Impulse – deep,,0.00,0.00,0.00,0.00,0.00,50.00,63.00,9,0,,0,,,yes,,0.00,,,0,0.00,
49,STICKER FOIL,,Impulse – deep,,0.00,0.00,0.00,0.00,0.00,50.00,63.00,40,0,,0,,,yes,,0.00,,,0,0.00,
39,DIJE,,Impulse – deep,,0.00,0.00,0.00,0.00,0.00,30.00,38.00,0,0,,0,,,yes,,0.00,,,0,0.00,
41,JABÓN,,Impulse – deep,,0.00,0.00,0.00,0.00,0.00,20.00,25.00,21,0,,0,,,yes,,0.00,,,0,0.00,
74,MISTERY SCROLL,,Impulse – deep,,0.00,0.00,0.00,0.00,0.00,10.00,13.00,47,0,,0,,,yes,,0.00,,,0,0.00,
75,GEM RUNE,,Impulse – deep,,0.00,0.00,0.00,0.00,0.00,10.00,13.00,10,0,,0,,,yes,,0.00,,,0,0.00,
76,STICKER RUNA,,Impulse – deep,,0.00,0.00,0.00,0.00,0.00,3.00,4.00,29,0,,0,,,yes,,0.00,,,0,0.00,
36,BOLSA,,Mid – moderate,,0.00,0.00,0.00,0.00,0.00,600.00,750.00,2,0,,0,,,yes,,0.00,,,0,0.00,
48,LIBRETA 7,,Mid – moderate,,0.00,0.00,0.00,0.00,0.00,550.00,688.00,0,0,,0,,,yes,,0.00,,,0,0.00,
47,LIBRETA 6,,Mid – moderate,,0.00,0.00,0.00,0.00,0.00,500.00,625.00,0,0,,0,,,yes,,0.00,,,0,0.00,
89,WALLET,,Mid – moderate,,0.00,0.00,0.00,0.00,0.00,450.00,563.00,0,0,,0,,,yes,,0.00,,,0,0.00,
46,LIBRETA 5,,Mid – moderate,,0.00,0.00,0.00,0.00,0.00,400.00,500.00,0,0,,0,,,yes,,0.00,,,0,0.00,
65,BRAZALETE 3,,Mid – moderate,,0.00,0.00,0.00,0.00,0.00,400.00,500.00,0,0,,0,,,yes,,0.00,,,0,0.00,
81,BOTTLE HOLDER,,Mid – moderate,,0.00,0.00,0.00,0.00,0.00,400.00,500.00,0,0,,0,,,yes,,0.00,,,0,0.00,
45,LIBRETA 4,,Mid – moderate,,0.00,0.00,0.00,0.00,0.00,350.00,438.00,0,0,,0,,,yes,,0.00,,,0,0.00,
68,MUÑEQUERA 2,,Mid – moderate,,0.00,0.00,0.00,0.00,0.00,350.00,438.00,0,0,,0,,,yes,,0.00,,,0,0.00,
44,LIBRETA 3,,Mid – moderate,,0.00,0.00,0.00,0.00,0.00,300.00,375.00,0,0,,0,,,yes,,0.00,,,0,0.00,
64,BRAZALETE PAR 2,,Mid – moderate,,0.00,0.00,0.00,0.00,0.00,300.00,375.00,0,0,,0,,,yes,,0.00,,,0,0.00,
63,BRAZALETE PAR 1,,Mid – moderate,,0.00,0.00,0.00,0.00,0.00,250.00,313.00,0,0,,0,,,yes,,0.00,,,0,0.00,
82,DICE TOWER,,Mid – moderate,laser,0.00,0.00,0.00,0.00,0.00,250.00,313.00,6,0,,0,,,yes,,0.00,,,0,0.00,
84,DICE + POUCH,,Mid – moderate,,0.00,0.00,0.00,0.00,0.00,250.00,313.00,0,0,,0,,,yes,,0.00,,,0,0.00,
34,VELA L,,Mid – moderate,,0.00,0.00,0.00,0.00,0.00,200.00,250.00,11,0,,0,,,yes,,0.00,,,0,0.00,
37,BROCHE,,Mid – moderate,,0.00,0.00,0.00,0.00,0.00,200.00,250.00,6,0,,0,,,yes,,0.00,,,0,0.00,
43,LIBRETA 2,,Mid – moderate,,0.00,0.00,0.00,0.00,0.00,200.00,250.00,0,0,,0,,,yes,,0.00,,,0,0.00,
67,MUÑEQUERA 1,,Mid – moderate,,0.00,0.00,0.00,0.00,0.00,200.00,250.00,0,0,,0,,,yes,,0.00,,,0,0.00,
87,D&D MINI PACK,,Mid – moderate,,0.00,0.00,0.00,0.00,0.00,200.00,250.00,0,0,,0,,,yes,,0.00,,,0,0.00,
38,CATNIP,,Mid – moderate,,0.00,0.00,0.00,0.00,0.00,150.00,188.00,17,0,,0,,,yes,,0.00,,,0,0.00,
42,LIBRETA 1,,Mid – moderate,,0.00,0.00,0.00,0.00,0.00,150.00,188.00,0,0,,0,,,yes,,0.00,,,0,0.00,
79,LEATHER KEYCHAIN,,Mid – moderate,laser,0.00,0.00,0.00,0.00,0.00,150.00,188.00,12,0,,0,,,yes,,0.00,,,0,0.00,
80,ARETES,,Mid – moderate,laser,0.00,0.00,0.00,0.00,0.00,150.00,188.00,11,0,,0,,,yes,,0.00,,,0,0.00,
83,MYSTERY DICES,,Mid – moderate,,0.00,0.00,0.00,0.00,0.00,150.00,188.00,21,0,,0,,,yes,,0.00,,,0,0.00,
85,PUPPET,,Mid – moderate,cameo,0.00,0.00,0.00,0.00,0.00,150.00,188.00,0,0,,0,,,yes,,0.00,,,0,0.00,
29,LLAVERO,,Mid – moderate,laser,20.00,5.00,30.00,0.00,5.00,100.00,125.00,14,0,,0,15,,yes,,60.00,65.00,52.0,0,0.00,
33,VELA M,,Mid – moderate,,0.00,0.00,0.00,0.00,0.00,100.00,125.00,24,0,,0,,,yes,,0.00,,,0,0.00,
69,PULSERA,,Mid – moderate,craft,0.00,0.00,0.00,0.00,0.00,100.00,125.00,0,0,,0,,,yes,,0.00,,,0,0.00,
30,CHARM,,Mid – moderate,laser,0.00,0.00,0.00,0.00,0.00,90.00,113.00,0,0,,0,,,yes,,0.00,,,0,0.00,
32,VELA S,,Mid – moderate,,0.00,0.00,0.00,0.00,0.00,70.00,88.00,11,0,,0,,,yes,,0.00,,,0,0.00,
86,D&D MINI,,Mid – moderate,laser,0.00,0.00,0.00,0.00,0.00,60.00,75.00,0,0,,0,,,yes,,0.00,,,0,0.00,
71,ARMADURA 2,,Hero – exhibition,,0.00,0.00,0.00,0.00,0.00,6000.00,7500.00,1,0,,0,,,yes,,0.00,,,0,0.00,
70,ARMADURA 1,,Hero – exhibition,,0.00,0.00,0.00,0.00,0.00,2500.00,3125.00,1,0,,0,,,yes,,0.00,,,0,0.00,
57,CAPA 4,,Hero – exhibition,,0.00,0.00,0.00,0.00,0.00,2000.00,2500.00,2,0,,0,,,yes,,0.00,,,0,0.00,
66,BRAZALETE 4,,Hero – exhibition,,0.00,0.00,0.00,0.00,0.00,2000.00,2500.00,1,0,,0,,,yes,,0.00,,,0,0.00,
56,CAPA 3,,Hero – exhibition,,0.00,0.00,0.00,0.00,0.00,1600.00,2000.00,2,0,,0,,,yes,,0.00,,,0,0.00,
72,HACHA,,Hero – exhibition,craft,0.00,0.00,0.00,0.00,0.00,1500.00,1875.00,1,0,,0,,,yes,,0.00,,,0,0.00,
73,ELVEN ATIRE,,Hero – exhibition,,0.00,0.00,0.00,0.00,0.00,1500.00,1875.00,2,0,,0,,,yes,,0.00,,,0,0.00,
55,CAPA 2,,Hero – exhibition,,0.00,0.00,0.00,0.00,0.00,1200.00,1500.00,2,0,,0,,,yes,,0.00,,,0,0.00,
54,CAPA 1,,Hero – exhibition,,0.00,0.00,0.00,0.00,0.00,800.00,1000.00,1,0,,0,,,yes,,0.00,,,0,0.00,
78,PAÑALES PACK ECO,,Off-theme – minimal,,0.00,0.00,0.00,0.00,0.00,700.00,875.00,6,0,,0,,,yes,,0.00,,,0,0.00,
77,PAÑAL ECO,,Off-theme – minimal,,0.00,0.00,0.00,0.00,0.00,150.00,188.00,15,0,,0,,,yes,,0.00,,,0,0.00,
88,CABLE FISH,,Off-theme – minimal,laser,0.00,0.00,0.00,0.00,0.00,60.00,75.00,0,0,,0,,,yes,,0.00,,,0,0.00,
35,VENTOSA CEL,,Off-theme – minimal,,0.00,0.00,0.00,0.00,0.00,30.00,38.00,80,0,,0,,,yes,,0.00,,,0,0.00,
62,BOLSAS POPO,,Off-theme – minimal,,0.00,0.00,0.00,0.00,0.00,30.00,38.00,8,0,,0,,,yes,,0.00,,,0,0.00,
